1|Zlatibor|Serbia
2|Vienna|Austria
3|Paris|France
4|Novi Sad|Srbija
5|Zlatibor|Srbija
6|Zlatibor|Srbija
7|Cuprija|Srbija
8|Beograd|Srbija
9||
10|fssf|fs
11|oimd|do
12||
13|iofmw|pmfio
14||
15|o|o
16|id|id
17|ma|do
18|iomd|diom
19|opmdw|dopmw
20|pomd|dpomw
21||
22||
23||
24||
25|city|country
26|city|country
27||
28||
29||
30||
31||
32||
33||
34||
35|city|country
36|country|city
37||
38|city|country
39||
40|ci|
41||
42||
43||
44||
45||
46||
47||
48||
49||
50||
51||
52||
53||
54|coa|
55|idsj|ois
56|aa|nn
57|Beograd|Srbija
58||
59||
60||
61||
62||
63||
64||
65|Beograd|Srbija
66|Novi Sad|Srbija
67||
68||
69||
70||
71||
72||
73||
74||
75||
76||
77||
78||
79||
80||
81||
82||
83||
84||
85||
86||
87||
88||
89||
90||
91||
92||
93||
94||
95||
96||
97|city|country
98|oidwm|doim
99|city|coutrey
100|city|coutrey
101|city|countrey
102|aoim|iaom
103|Kursumlija|Srbija
104|aoimd|isam
105|Kursumlija|Srbija
106|Nis|Srbija
107|idoms|diom
108|city|country
109|city|country
110|odina|odwin
